{
  "rules": [
    {
      "pattern": " ،",
      "replacement": "،",
      "help": "حذف فاصله پشت کاما"
    },
    {
      "pattern": "ي",
      "replacement": "ی",
      "help": "تبدیل حرف «ي» به «ی»"
    },
    {
      "pattern": "ك",
      "replacement": "ک",
      "help": "تبديل ك به ک"
    },
    {
      "pattern": "(\\S+) ی(?=\\s)",
      "replacement": "\\1‌ی",
      "help": "تبدیل فاصله قبل از «ی» به نیم‌فاصله"
    },
    {
      "pattern": "\\bطوایف\\b(?=\\s*(?:$|[،,؛;:!\\?\\.]|\\r?\\n|==|\\b(?:از|به|با|در|بر|و|برای|تا|روی|زیر|مثل)\\b))",
      "replacement": "طایفه‌ها",
      "help": "Replace plural طوایف with طایفه‌ها before punctuation or specific words."
    },
    {
      "pattern": "\\bطوایف\\b",
      "replacement": "طایفه‌های",
      "help": "General replacement of طوایف with طایفه‌های."
    },
    {
      "pattern": "\\bایلات\\b(?=\\s*(?:$|[،,؛;:!\\?\\.]|\\r?\\n|==|\\b(?:از|به|با|در|بر|و|برای|تا|روی|زیر|مثل)\\b))",
      "replacement": "ایل‌ها",
      "help": "Replace plural ایلات with ایل‌ها before punctuation or specific words."
    },
    {
      "pattern": "\\bایلات\\b",
      "replacement": "ایل‌های",
      "help": "General replacement of ایلات with ایل‌های."
    },
    {
      "pattern": "\\bساکنان\\b",
      "replacement": "شهروندان",
      "help": "Replace ساکنان with شهروندان."
    },
    {
      "pattern": "\\bدوماً\\b|\\bثانیاً\\b|\\bثانیا\\b",
      "replacement": "دوم اینکه،",
      "help": "فارسي سازي"
    },
    {
      "pattern": "\\bسوماً\\b|\\bثالثاً\\b|\\bثالثا\\b",
      "replacement": "سوم اینکه،",
      "help": "فارسي سازي"
    },
    {
      "pattern": "\\bحقاً\\b",
      "replacement": "به‌حق",
      "help": "فارسي سازي"
    },
    {
      "pattern": "\\bمی کند\\b|\\bمیکند\\b",
      "replacement": "می‌کند",
      "help": "فارسي سازي"
    },
    {
      "pattern": "\\bمی شود\\b|\\bمیشود\\b",
      "replacement": "می‌شود",
      "help": "فارسي سازي"
    },
    {
      "pattern": "\\bدر حالی(?:\\s?است|\\s?ست)\\b",
      "replacement": "در حالی‌ست",
      "help": "Simplify expression."
    },
    {
      "pattern": "\\bشده اند\\b",
      "replacement": "شده‌اند",
      "help": "Add half-space in شده‌اند for Persian text standardization."
    },
    {
      "pattern": "\\bتکلم\\b",
      "replacement": "صحبت",
      "help": "تبديل تکلم به صحبت"
    },
    {
      "pattern": "\\bمردمان\\b",
      "replacement": "مردم",
      "help": "فارسي سازي"
    },
    {
      "pattern": "\\bمردمانی\\b",
      "replacement": "مردمی",
      "help": "Replace مردمانی with مردمی for Persian text standardization."
    },
    {
      "pattern": "\\bآپلود\\b",
      "replacement": "بارگذاری",
      "help": "Replace آپلود with بارگذاری for Persian text standardization."
    },
    {
      "pattern": "\\bت[أا]مین(?=\\s+امنیت\\b)",
      "replacement": "حفظ",
      "help": "کلمه تأمین یا تامین را پیدا کن فقط وقتی بعدش کلمه امنیت آمده باشد"
    },
    {
      "pattern": "\\bت[أا]مین(?=\\s+مالی\\b)",
      "replacement": "پشتیبانی",
      "help": "کلمه تأمین یا تامین را پیدا کن فقط وقتی بعدش کلمه مالی آمده باشد"
    },
    {
      "pattern": "\\bتأمین نیروی\\b",
      "replacement": "تهیه نیروی",
      "help": "فارسی سازی"
    },
    {
      "pattern": "\\bتأ?مین\\b(?![\\s\\u200C]+(?:اجتماعی|برق|آب|نیازها|منابع|کافی))",
      "replacement": "فراهم",
      "help": "Replace \"تامین\" or \"تأمین\" with \"فراهم\" unless followed by \"اجتماعی\", \"نیازها\", \"منابع\", or \"کافی\" or \"آب\" or \"برق\" with a space or half-space."
    },
    {
      "pattern": "\\bنمایان\\b",
      "replacement": "آشکار",
      "help": "Replace نمایان with آشکار for Persian text standardization."
    },
    {
      "pattern": "\\bمابین\\b",
      "replacement": "میان",
      "help": "Replace مابین with میان for Persian text standardization."
    },
    {
      "pattern": "\\bساکنین\\b",
      "replacement": "شهروندان",
      "help": "Replace ساکنین with شهروندان for Persian text standardization."
    },
    {
      "pattern": "\\bقرن\\b",
      "replacement": "سده",
      "help": "Replace قرن with سده for Persian text standardization."
    },
    {
      "pattern": "\\bاکثرا(?:|ً)?\\b",
      "replacement": "بیشتر",
      "help": "Replace اکثرا with بیشتر for Persian text standardization."
    },
    {
      "pattern": "\\bاکثر\\b",
      "replacement": "بیشتر",
      "help": "Replace اکثر with بیشتر for Persian text standardization."
    },
    {
      "pattern": "(?<!مالک\\s)\\bفعلی\\b",
      "replacement": "کنونی",
      "help": "Replace فعلی with کنونی (except after مالک) for Persian text standardization."
    },
    {
      "pattern": "\\bبه ویژه\\b",
      "replacement": "به‌ویژه",
      "help": "Add half-space in به‌ویژه for Persian text standardization."
    },
    {
      "pattern": "\\bاستراتژیک\\b",
      "replacement": "راهبردی",
      "help": "Replace استراتژیک with راهبردی for Persian text standardization."
    },
    {
      "pattern": "\\bبه[\\s]?(?:واسطه|واسطۀ)\\b",
      "replacement": "به‌جهت",
      "help": "Replace  و واسطۀ واسطه with به‌جهت for Persian text standardization."
    },
    {
      "pattern": "(?<!\\()\\bپروژه\\b(?!\\)|(?:‌های\\s+خواهر|\\s+مدیریت|\\s+تاریخ))",
      "replacement": "برنامه",
      "help": "جایگزینی «پروژه» با «برنامه»، مگر وقتی این کلمه به تنهایی درون پرانتز باشد و\n یا اینکه بعد از آن «های خواهر»، «مدیریت»، یا «تاریخ» باشد، برای استانداردسازی متون پارسی"
    },
    {
      "pattern": "\\bمتصل می‌کند\\b",
      "replacement": "پیوند می‌دهد",
      "help": "Replace متصل می‌کند with پیوند می‌دهد for Persian text standardization."
    },
    {
      "pattern": "\\bپاسپورت\\b",
      "replacement": "گذرنامه",
      "help": "Replace پاسپورت with گذرنامه for Persian text standardization."
    },
    {
      "pattern": "\\bدائ?م(?:ا|اً)\\b",
      "replacement": "همیشه",
      "help": "'همیشه', 'جایگزینی «دائماً»، «دائما»، «دایماً»، یا «دایما» با «همیشه» برای استانداردسازی متون پارسی'"
    },
    {
      "pattern": "\\bصدمه\\b",
      "replacement": "آسیب",
      "help": "Replace صدمه with آسیب for Persian text standardization."
    },
    {
      "pattern": "\\bاصابت\\b",
      "replacement": "برخورد",
      "help": "Replace اصابت with برخورد for Persian text standardization."
    },
    {
      "pattern": "\\bآرشیو\\b",
      "replacement": "بایگانی",
      "help": "Replace آرشیو with بایگانی for Persian text standardization."
    },
    {
      "pattern": "\\bپرسنل\\b",
      "replacement": "کارکنان",
      "help": "Replace پرسنل with کارکنان for Persian text standardization."
    },
    {
      "pattern": "\\bمحسوب\\b",
      "replacement": "برشمرده",
      "help": "Replace محسوب with برشمرده  for Persian text standardization."
    },
    {
      "pattern": "\\bحمایت\\b",
      "replacement": "پشتیبانی",
      "help": "Replace حمایت with پشتیبانی for Persian text standardization."
    },
    {
      "pattern": "\\bمجروح\\b",
      "replacement": "زخمی",
      "help": "Replace مجروح with زخمی for Persian text standardization."
    },
    {
      "pattern": "\\bشکایت\\b",
      "replacement": "دادخواست",
      "help": "Replace شکایت with دادخواست for Persian text standardization."
    },
    {
      "pattern": "(?<!\\S)(?<![*#-])(?<![*#-]\\s)محاکم(ه|ۀ)\\b",
      "replacement": "دادرسی",
      "help": "اگر کلمه‌ی [محاکمه/محاکمۀ] در ابتداي خط باشد و يا اگر قبل از آن،\nعلامت ستاره یا هشتگ یا خط تیره قرار داشت، تبدیل نمی کند."
    },
    {
      "pattern": "\\bقابل قبول\\b",
      "replacement": "پذیرفتنی",
      "help": "Replace قابل قبول with پذیرفتنی for Persian text standardization."
    },
    {
      "pattern": "\\bضرر\\b",
      "replacement": "زیان",
      "help": "Replace ضرر with زیان for Persian text standardization."
    },
    {
      "pattern": "\\bجراحت\\b",
      "replacement": "زخم",
      "help": "Replace جراحت with زخم for Persian text standardization."
    },
    {
      "pattern": "\\bلعنت\\b",
      "replacement": "نفرین",
      "help": "Replace لعنت with نفرین for Persian text standardization."
    },
    {
      "pattern": "\\bنزاع\\b",
      "replacement": "درگیری",
      "help": "Replace نزاع with درگیری for Persian text standardization."
    },
    {
      "pattern": "\\bخصوصیت\\b",
      "replacement": "ویژگی",
      "help": "Replace خصوصیت with ویژگی for Persian text standardization."
    },
    {
      "pattern": "\\bمخصوص\\b",
      "replacement": "ویژه",
      "help": "Replace مخصوص with ویژه for Persian text standardization."
    },
    {
      "pattern": "\\bتاجر\\b",
      "replacement": "بازرگان",
      "help": "Replace تاجر with بازرگان for Persian text standardization."
    },
    {
      "pattern": "\\bموزیک\\b",
      "replacement": "آهنگ",
      "help": "Replace موزیک with آهنگ for Persian text standardization."
    },
    {
      "pattern": "\\bحالا\\b",
      "replacement": "اکنون",
      "help": "Replace حالا with اکنون for Persian text standardization."
    },
    {
      "pattern": "\\bیأس\\b",
      "replacement": "ناامیدی",
      "help": "Replace یأس with ناامیدی for Persian text standardization."
    },
    {
      "pattern": "\\bمأیوس\\b",
      "replacement": "ناامید",
      "help": "Replace مأیوس with ناامید for Persian text standardization."
    },
    {
      "pattern": "\\bکثیف\\b",
      "replacement": "آلوده",
      "help": "Replace کثیف with آلوده for Persian text standardization."
    },
    {
      "pattern": "\\bمجرا\\b|\\bمجرای\\b",
      "replacement": "بستر",
      "help": "Replace مجرا or مجرای with بستر for Persian text standardization."
    },
    {
      "pattern": "\\bابلیس\\b",
      "replacement": "اهریمن",
      "help": "Replace ابلیس with اهریمن for Persian text standardization."
    },
    {
      "pattern": "(?<!(?:قابل|روشن)[\\s\\u200C])قیاس\\b",
      "replacement": "سنجش",
      "help": "اگر قبل از «قیاس» کلمه‌ی «قابل» یا «روشن» با فاصله یا نیم‌فاصله باشد، تطبیق نمی‌یابد"
    },
    {
      "pattern": "\\bقابل[\\s\\u200C]قیاس\\b",
      "replacement": "قابل مقایسه",
      "help": "تبدیل قابل قیاس به قابل مقایسه"
    },
    {
      "pattern": "\\bمذکوره\\b|\\bمذکور\\b",
      "replacement": "ذکرشده",
      "help": "Replace مذکوره or مذکور with ذکرشده for Persian text standardization."
    },
    {
      "pattern": "\\bکلینیک\\b",
      "replacement": "درمانگاه",
      "help": "Replace کلینیک with درمانگاه for Persian text standardization."
    },
    {
      "pattern": "\\bاکوسیستم\\b",
      "replacement": "زیست‌بوم",
      "help": "Replace اکوسیستم with زیست‌بوم for Persian text standardization."
    },
    {
      "pattern": "\\bعضله\\b",
      "replacement": "ماهیچه",
      "help": "Replace عضله with ماهیچه for Persian text standardization."
    },
    {
      "pattern": "\\bآفیسر\\b",
      "replacement": "افسر",
      "help": "Replace آفیسر with افسر for Persian text standardization."
    },
    {
      "pattern": "\\bمانیتور\\b",
      "replacement": "صفحه‌نمایش",
      "help": "Replace مانیتور with صفحه‌نمایش for Persian text standardization."
    },
    {
      "pattern": "\\bپرینتر\\b",
      "replacement": "چاپگر",
      "help": "Replace پرینتر with چاپگر for Persian text standardization."
    },
    {
      "pattern": "\\bکامپیوتر\\b",
      "replacement": "رایانه",
      "help": "Replace کامپیوتر with رایانه for Persian text standardization."
    },
    {
      "pattern": "\\bپروگرام\\b",
      "replacement": "برنامه",
      "help": "Replace پروگرام with برنامه for Persian text standardization."
    },
    {
      "pattern": "\\bریکاوری\\b",
      "replacement": "بازیابی",
      "help": "Replace ریکاوری with بازیابی for Persian text standardization."
    },
    {
      "pattern": "\\bکنفرانس\\b",
      "replacement": "همایش",
      "help": "Replace کنفرانس with همایش for Persian text standardization."
    },
    {
      "pattern": "\\bگالری\\b",
      "replacement": "نگارخانه",
      "help": "Replace گالری with نگارخانه for Persian text standardization."
    },
    {
      "pattern": "\\bپرفسور\\b",
      "replacement": "استاد",
      "help": "Replace پرفسور with استاد for Persian text standardization."
    },
    {
      "pattern": "\\bمارکتینگ\\b",
      "replacement": "بازاریابی",
      "help": "Replace مارکتینگ with بازاریابی for Persian text standardization."
    },
    {
      "pattern": "\\bپکیج\\b",
      "replacement": "بسته",
      "help": "Replace پکیج with بسته for Persian text standardization."
    },
    {
      "pattern": "\\bفولدر\\b",
      "replacement": "پوشه",
      "help": "Replace فولدر with پوشه for Persian text standardization."
    },
    {
      "pattern": "\\bبالاخص\\b",
      "replacement": "به‌ویژه",
      "help": "Replace بالاخص with به‌ویژه for Persian text standardization."
    },
    {
      "pattern": "\\bبطور\\b",
      "replacement": "به‌طور",
      "help": "Replace بطور with به‌طور for Persian text standardization."
    },
    {
      "pattern": "\\bعلیرغم\\b",
      "replacement": "با‌وجود",
      "help": "Replace علیرغم with با‌وجود for Persian text standardization."
    },
    {
      "pattern": "\\bعلی‌رغم\\b",
      "replacement": "با‌وجود",
      "help": "Replace علی‌رغم with با‌وجود for Persian text standardization."
    },
    {
      "pattern": "\\bفی‌الواقع\\b",
      "replacement": "درحقیقت",
      "help": "Replace فی‌الواقع with درحقیقت for Persian text standardization."
    },
    {
      "pattern": "\\bبمنظور\\b",
      "replacement": "به‌منظور",
      "help": "Replace بمنظور with به‌منظور for Persian text standardization."
    },
    {
      "pattern": "\\bفی‌المجموع\\b",
      "replacement": "در مجموع",
      "help": "Replace فی‌المجموع with در مجموع for Persian text standardization."
    },
    {
      "pattern": "\\bمجددا(?:‌|ً)?\\b",
      "replacement": "از نو",
      "help": "Replace مجددا with از نو for Persian text standardization."
    },
    {
      "pattern": "\\bمتعاقبا(?:‌|ً)?\\b",
      "replacement": "سرانجام",
      "help": "Replace متعاقبا with سرانجام for Persian text standardization."
    },
    {
      "pattern": "\\bموقتا(?:|ً)?\\b",
      "replacement": "به‌طور موقت",
      "help": "Replace موقتا with به‌طور موقت for Persian text standardization."
    },
    {
      "pattern": "\\bعمدا(?:‌|ً)?\\b",
      "replacement": "به‌عمد",
      "help": "Replace عمدا with به‌عمد for Persian text standardization."
    },
    {
      "pattern": "\\bابدا(?:‌|ً)?\\b",
      "replacement": "به‌هیچ‌ وجه",
      "help": "Replace ابدا with به‌هیچ‌وج for Persian text standardization."
    },
    {
      "pattern": "\\bعمدتا(?:‌|ً)?\\b",
      "replacement": "به‌طور عمده",
      "help": "Replace عمدتا with به‌طور عمده for Persian text standardization."
    },
    {
      "pattern": "\\bتقریبا(?:‌|ً)?\\b",
      "replacement": "به‌طور تقریبی",
      "help": "Replace تقریبا with به‌طور تقریبی for Persian text standardization."
    },
    {
      "pattern": "\\bاصالتا(?:|ً)?\\b",
      "replacement": "در اصل",
      "help": "Replace اصالتا with در اصل for Persian text standardization."
    },
    {
      "pattern": "\\bاصلا(?:|ً)?\\b",
      "replacement": "در اصل",
      "help": "Replace اصلا with در اصل for Persian text standardization."
    },
    {
      "pattern": "\\bمستقیما(?:‌|ً)?\\b",
      "replacement": "به‌طورمستقیم",
      "help": "Replace مستقیما with به‌طورمستقیم for Persian text standardization."
    },
    {
      "pattern": "\\bاحتمالا(?:‌|ً)?\\b",
      "replacement": "به‌احتمال زیاد",
      "help": "Replace احتمالا with به‌احتمال زیاد for Persian text standardization."
    },
    {
      "pattern": "\\bعموما(?:‌|ً)?\\b",
      "replacement": "به‌طور عمومی",
      "help": "Replace عموما with به‌طور عمومی for Persian text standardization."
    },
    {
      "pattern": "\\bبعضا(?:‌|ً)?\\b",
      "replacement": "گاهی",
      "help": "Replace بعضا with گاهی for Persian text standardization."
    },
    {
      "pattern": "\\bقاعدتا(?:|ً)?\\b",
      "replacement": "در اصل",
      "help": "Replace قاعدتا with در اصل for Persian text standardization."
    },
    {
      "pattern": "\\bصرفا(?:‌|ً)?\\b",
      "replacement": "تنها",
      "help": "Replace صرفا with تنها for Persian text standardization."
    },
    {
      "pattern": "\\bحتما(?:|ً)?\\b",
      "replacement": "به‌حتم",
      "help": "Replace حتما with به‌حتم for Persian text standardization."
    },
    {
      "pattern": "\\bنهایتا(?:|ً)?\\b",
      "replacement": "در نهایت",
      "help": "Replace نهایتا with در نهایت for Persian text standardization."
    },
    {
      "pattern": "\\bحقیقتا(?:‌|ً)?\\b",
      "replacement": "درحقیقت",
      "help": "Replace حقیقتا with درحقیقت for Persian text standardization."
    },
    {
      "pattern": "\\bکاملا(?:‌|ً)?\\b",
      "replacement": "به‌طورکامل",
      "help": "Replace کاملا with به‌طورکامل for Persian text standardization."
    },
    {
      "pattern": "\\bمجموعا(?:‌|ً)?\\b",
      "replacement": "به‌طورکل",
      "help": "Replace مجموعا with به‌طورکل for Persian text standardization."
    },
    {
      "pattern": "\\bرسما(?:‌|ً)?\\b",
      "replacement": "به‌طور رسمی",
      "help": "Replace رسما with به‌طور رسمی for Persian text standardization."
    },
    {
      "pattern": "\\bنسبتا(?:‌|ً)?\\b",
      "replacement": "به‌نسبت",
      "help": "Replace نسبتا with به‌نسبت for Persian text standardization."
    },
    {
      "pattern": "\\bخصوصا(?:‌|ً)?\\b",
      "replacement": "به‌خصوص",
      "help": "Replace خصوصا with به‌خصوص for Persian text standardization."
    },
    {
      "pattern": "\\bمعمولا(?:‌|ً)?\\b",
      "replacement": "به‌طورمعمول",
      "help": "Replace معمولا with به‌طورمعمول for Persian text standardization."
    },
    {
      "pattern": "\\bمتقابلا(?:‌|ً)?\\b",
      "replacement": "به‌طورمشابه",
      "help": "Replace متقابلا with به‌طورمشابه for Persian text standardization."
    },
    {
      "pattern": "\\bواضحا(?:‌|ً)?\\b",
      "replacement": "به‌طورواضح",
      "help": "Replace واضحا with به‌طورواضح for Persian text standardization."
    },
    {
      "pattern": "\\bاخیرا(?:‌|ً)?\\b",
      "replacement": "به‌تازگی",
      "help": "Replace اخیرا with به‌تازگی for Persian text standardization."
    },
    {
      "pattern": "\\bتماما(?:‌|ً)?\\b",
      "replacement": "به‌طورکل",
      "help": "Replace تماما with به‌طورکل for Persian text standardization."
    },
    {
      "pattern": "\\bمخصوصا(?:‌|ً)?\\b",
      "replacement": "به‌خصوص",
      "help": "Replace مخصوصا with به‌خصوص for Persian text standardization."
    },
    {
      "pattern": "\\bمستمرا(?:‌|ً)?\\b",
      "replacement": "به‌طور مستمر",
      "help": "Replace مستمرا with به‌طور مستمر for Persian text standardization."
    },
    {
      "pattern": "\\bقطع[اًا](?:‌|ً)?\\b",
      "replacement": "به‌قطع",
      "help": "Replace قطعاً/قطعا with به‌قطع for Persian text standardization."
    },
    {
      "pattern": "\\bحدود[اًا](?:‌|ً)?\\b",
      "replacement": "به‌طور حدودی",
      "help": "Replace حدوداً/حدودا with به‌طور حدودی for Persian text standardization."
    },
    {
      "pattern": "\\bغالب[اًا](?:‌|ً)?\\b",
      "replacement": "اغلب",
      "help": "Replace غالباً/غالبا with اغلب for Persian text standardization."
    },
    {
      "pattern": "\\bظاهرا(?:‌|ً)?\\b",
      "replacement": "احتمال می‌رود",
      "help": "Replace ظاهرا with در ظاهر، for Persian text standardization."
    },
    {
      "pattern": "\\bعملا(?:‌|ً)?\\b",
      "replacement": "به‌طورعملی",
      "help": "Replace عملا with به‌طورعملی for Persian text standardization."
    },
    {
      "pattern": "\\bمسلما(?:‌|ً)?\\b",
      "replacement": "به‌طورمسلم",
      "help": "Replace مسلما with به‌طورمسلم for Persian text standardization."
    },
    {
      "pattern": "\\bمحتملا(?:|ً)?\\b",
      "replacement": "به احتمال‌زیاد",
      "help": "Replace محتملا with به احتمال‌زیاد for Persian text standardization."
    },
    {
      "pattern": "\\bجمعا(?:|ً)?\\b",
      "replacement": "سرجمع",
      "help": "Replace جمعا with سرجمع for Persian text standardization."
    },
    {
      "pattern": "\\bیقینا(?:‌|ً)?\\b",
      "replacement": "بی شک",
      "help": "Replace یقینا with بی شک for Persian text standardization."
    },
    {
      "pattern": "\\bمثلا(?:‌|ً)?\\b",
      "replacement": "به‌طورمثال",
      "help": "Replace مثلا with به‌طورمثال for Persian text standardization."
    },
    {
      "pattern": "\\bشرعا(?:‌|ً)?\\b",
      "replacement": "به‌طورشرعی",
      "help": "Replace شرعا with به‌طورشرعی for Persian text standardization."
    },
    {
      "pattern": "\\bکلا(?:‌|ً)?\\b",
      "replacement": "به‌طورکلی",
      "help": "Replace کلا with به‌طورکلی for Persian text standardization."
    },
    {
      "pattern": "\\bمنحصرا(?:‌|ً)?\\b",
      "replacement": "به‌طور انحصاری",
      "help": "Replace منحصرا with به‌طور انحصاری for Persian text standardization."
    },
    {
      "pattern": "\\bقبلا(?:‌|ً)?\\b",
      "replacement": "در گذشته",
      "help": "Replace قبلا with در گذشته for Persian text standardization."
    },
    {
      "pattern": "\\bبعدا(?:‌|ً)?\\b",
      "replacement": "بعدها",
      "help": "Replace بعدا with بعدها for Persian text standardization."
    },
    {
      "pattern": "\\bطبیعتا(?:‌|ً)?\\b",
      "replacement": "به طبع",
      "help": "Replace طبیعتا with به طبع for Persian text standardization."
    },
    {
      "pattern": "\\bمشخصا(?:‌|ً)?\\b",
      "replacement": "به‌طور مشخص",
      "help": "Replace مشخصا with به‌طور مشخص for Persian text standardization."
    },
    {
      "pattern": "\\bاصولا(?:|ً)?\\b",
      "replacement": "به‌طوراساسی",
      "help": "Replace اصولا with به‌طوراساسی for Persian text standardization."
    },
    {
      "pattern": "\\bسابقا(?:‌|ً)?\\b",
      "replacement": "تا پیش از این،",
      "help": "Replace سابقا with تا پیش از این، for Persian text standardization."
    },
    {
      "pattern": "\\bمطلقا(?:‌|ً)?\\b",
      "replacement": "به هیچ وجه",
      "help": "Replace مطلقا with به هیچ وجه for Persian text standardization."
    },
    {
      "pattern": "\\bاشتباها\\b",
      "replacement": "به اشتباه",
      "help": "Replace اشتباهاً with به اشتباه for Persian text standardization."
    },
    {
      "pattern": "\\bاساسا\\b",
      "replacement": "در اساس",
      "help": "Replace اساسا with در اساس for Persian text standardization."
    },
    {
      "pattern": "\\bعینا\\b",
      "replacement": "به‌طورعینی",
      "help": "Replace عینا with به‌طورعینی for Persian text standardization."
    },
    {
      "pattern": "\\sمی ?شود\\b",
      "replacement": " می‌شود",
      "help": "Add half-space in می‌شود for Persian text standardization."
    },
    {
      "pattern": "\\bرسم الخط\\b",
      "replacement": "رسم‌الخط",
      "help": "Add half-space in رسم‌الخط for Persian text standardization."
    },
    {
      "pattern": "\\bهفته نامه\\b",
      "replacement": "هفته‌نامه",
      "help": "Add half-space in هفته‌نامه for Persian text standardization."
    },
    {
      "pattern": "\\sمی ?باشد",
      "replacement": " می‌باشد",
      "help": "Add half-space in می‌باشد for Persian text standardization."
    },
    {
      "pattern": "\\sمی ?توان\\b",
      "replacement": " می‌توان",
      "help": "Add half-space in می‌توان for Persian text standardization."
    },
    {
      "pattern": "\\sمی ?تواند\\b",
      "replacement": " می‌تواند",
      "help": "Add half-space in می‌تواند for Persian text standardization."
    },
    {
      "pattern": "\\sمی ?شوند\\b",
      "replacement": " می‌شوند",
      "help": "Add half-space in می‌شوند for Persian text standardization."
    },
    {
      "pattern": "\\sمی ?نماید\\b",
      "replacement": " می‌نماید",
      "help": "Add half-space in می‌نماید for Persian text standardization."
    },
    {
      "pattern": "\\bراه آهن\\b",
      "replacement": "راه‌آهن",
      "help": "Add half-space in راه‌آهن for Persian text standardization."
    },
    {
      "pattern": "\\bبی بهره\\b",
      "replacement": "بی‌بهره",
      "help": "Add half-space in بی‌بهره for Persian text standardization."
    },
    {
      "pattern": "\\bتا کنون\\b",
      "replacement": "تاکنون",
      "help": "Replace تا کنون with تاکنون for Persian text standardization."
    },
    {
      "pattern": "\\bمیکنم\\b",
      "replacement": "می‌کنم",
      "help": "Add half-space in می‌کنم for Persian text standardization."
    },
    {
      "pattern": "\\sنمی ?شود\\b",
      "replacement": " نمی‌شود",
      "help": "Add half-space in نمی‌شود for Persian text standardization."
    },
    {
      "pattern": "\\bهیچگونه\\b",
      "replacement": "هیچ‌گونه",
      "help": "Add half-space in هیچ‌گونه for Persian text standardization."
    },
    {
      "pattern": "\\sنمی ?کند\\b",
      "replacement": " نمی‌کند",
      "help": "Add half-space in نمی‌کند for Persian text standardization."
    },
    {
      "pattern": "\\sنمی ?باشد\\b",
      "replacement": " نمی‌باشد",
      "help": "Add half-space in نمی‌باشد for Persian text standardization."
    },
    {
      "pattern": "\\sمی ?خواست\\b",
      "replacement": " می‌خواست",
      "help": "Add half-space in می‌خواست for Persian text standardization."
    },
    {
      "pattern": "\\sنمی ?آورد\\b",
      "replacement": " نمی‌آورد",
      "help": "Add half-space in نمی‌آورد for Persian text standardization."
    },
    {
      "pattern": "\\sنمی ?خواهد\\b",
      "replacement": " نمی‌خواهد",
      "help": "Add half-space in نمی‌خواهد for Persian text standardization."
    },
    {
      "pattern": "\\sنمی ?گیرد\\b",
      "replacement": " نمی‌گیرد",
      "help": "Add half-space in نمی‌گیرد for Persian text standardization."
    },
    {
      "pattern": "\\sنمی ?دهد\\b",
      "replacement": " نمی‌دهد",
      "help": "Add half-space in نمی‌دهد for Persian text standardization."
    },
    {
      "pattern": "\\bتازه ‌وارد\\b",
      "replacement": "تازه‌وارد",
      "help": "Add half-space in تازه‌وارد for Persian text standardization."
    },
    {
      "pattern": "(\\S) (تر\\b)",
      "replacement": "\\1‌\\2",
      "help": "Add half-space before تر for Persian text standardization."
    },
    {
      "pattern": "\\sنمی ?بیند\\b",
      "replacement": " نمی‌بیند",
      "help": "Add half-space in نمی‌بیند for Persian text standardization."
    },
    {
      "pattern": "\\sنمی ?آید\\b",
      "replacement": " نمی‌آید",
      "help": "Add half-space in نمی‌آید for Persian text standardization."
    },
    {
      "pattern": "\\sمی ?آورد\\b",
      "replacement": " می‌آورد",
      "help": "Add half-space in می‌آورد for Persian text standardization."
    },
    {
      "pattern": "\\sمی ?دهد\\b",
      "replacement": " می‌دهد",
      "help": "Add half-space in می‌دهد for Persian text standardization."
    },
    {
      "pattern": "(\\S)\\s+(های|هایی|ها)\\b",
      "replacement": "\\1‌\\2",
      "help": "Add half-space before های/هایی/ها for Persian text standardization."
    },
    {
      "pattern": "\\sمی ?فرماید\\b",
      "replacement": " می‌فرماید",
      "help": "Add half-space in می‌فرماید for Persian text standardization."
    },
    {
      "pattern": "\\sمی ?فرمایند\\b",
      "replacement": " می‌فرمایند",
      "help": "Add half-space in می‌فرمایند for Persian text standardization."
    },
    {
      "pattern": "\\sمی ?گیرند\\b",
      "replacement": " می‌گیرند",
      "help": "Add half-space in می‌گیرند for Persian text standardization."
    },
    {
      "pattern": "\\sمی ?گیرد\\b",
      "replacement": " می‌گیرد",
      "help": "Add half-space in می‌گیرد for Persian text standardization."
    },
    {
      "pattern": "\\sمی ?خواهند\\b",
      "replacement": " می‌خواهند",
      "help": "Add half-space in می‌خواهند for Persian text standardization."
    },
    {
      "pattern": "\\bبصورت\\b",
      "replacement": "به صورت",
      "help": "Replace بصورت with به صورت for Persian text standardization."
    },
    {
      "pattern": "\\sمی ?خواهد\\b",
      "replacement": " می‌خواهد",
      "help": "Add half-space in می‌خواهد for Persian text standardization."
    },
    {
      "pattern": "\\bمیگردد\\b",
      "replacement": "می‌گردد",
      "help": "Add half-space in می‌گردد for Persian text standardization."
    },
    {
      "pattern": "\\bدانش نامه\\b",
      "replacement": "دانش‌نامه",
      "help": "Add half-space in دانش‌نامه for Persian text standardization."
    },
    {
      "pattern": "\\bهیچکدام\\b",
      "replacement": "هیچ‌کدام",
      "help": "Add half-space in هیچ‌کدام for Persian text standardization."
    },
    {
      "pattern": "\\sمی ?توانند\\b",
      "replacement": " می‌توانند",
      "help": "Add half-space in می‌توانند for Persian text standardization."
    },
    {
      "pattern": "\\sمی ?دانند\\b",
      "replacement": " می‌دانند",
      "help": "Add half-space in می‌دانند for Persian text standardization."
    },
    {
      "pattern": "\\sمی ?داند\\b",
      "replacement": " می‌داند",
      "help": "Add half-space in می‌داند for Persian text standardization."
    },
    {
      "pattern": "\\sمی ?بینند\\b",
      "replacement": " می‌بینند",
      "help": "Add half-space in می‌بینند for Persian text standardization."
    },
    {
      "pattern": "\\sمی ?بیند\\b",
      "replacement": " می‌بیند",
      "help": "Add half-space in می‌بیند for Persian text standardization."
    },
    {
      "pattern": "(?<!\\S)به طور(?!\\S)",
      "replacement": "به‌طور",
      "help": "Add half-space in به‌طور for Persian text standardization."
    },
    {
      "pattern": "(?<!\\S)در حال(?!\\S)",
      "replacement": "درحال",
      "help": "Replace در حال with درحال for Persian text standardization."
    },
    {
      "pattern": "(?<!\\S)از جمله(?!\\S)",
      "replacement": "ازجمله",
      "help": "Replace از جمله with ازجمله for Persian text standardization."
    },
    {
      "pattern": "(?<!\\S)به دلیل(?!\\S)",
      "replacement": "به‌دلیل",
      "help": "Add half-space in به‌دلیل for Persian text standardization."
    },
    {
      "pattern": "\\bپیش فرض\\b",
      "replacement": " پیش‌فرض",
      "help": "Add half-space in پیش‌فرض for Persian text standardization."
    },
    {
      "pattern": "\\bپس زمینه\\b",
      "replacement": " پس‌زمینه",
      "help": "Add half-space in پس‌زمینه for Persian text standardization."
    },
    {
      "pattern": "\\bمطم[ئی]ناً?\\b",
      "replacement": "با اطمینان",
      "help": "فقط حرف ی و یا ئ می توانند جابجا شوند و علامت تنوین می تواند اختیاری باشد"
    },
    {
      "pattern": "\\bلزوماً?\\b",
      "replacement": "",
      "help": "حذف کلمه هاي لزوماً و لزوما"
    },
    {
      "pattern": "\\bمتعددی\\b",
      "replacement": "بسیاری",
      "help": "فارسي سازي"
    },
    {
      "pattern": "\\bمتعدد\\b",
      "replacement": "بسیار",
      "help": "فارسي سازي"
    },
    {
      "pattern": "\\bبنیانگذاری\\b",
      "replacement": "بنیان‌گذاری",
      "help": "ايجاد نيم فاصله"
    },
    {
      "pattern": "\\bمحدوده\\b",
      "replacement": "پهنه",
      "help": ""
    },
    {
      "pattern": "\\bبجز\\b",
      "replacement": "به‌جز",
      "help": "ايجاد نيم فاصله"
    },
    {
      "pattern": "\\bمابین\\b",
      "replacement": "میان",
      "help": "فارسي سازي"
    },
    {
      "pattern": "\\bاصالتاً\\b|\\bاصالتا\\b",
      "replacement": "در اصل",
      "help": "فارسي سازي"
    },
    {
      "pattern": "\\bحینی\\b",
      "replacement": "زمانی",
      "help": ""
    },
    {
      "pattern": "(?<![^\\s])(\\bحین\\b)(?![\\-\\u2013])",
      "replacement": "زمان",
      "help": "اگر کلمه ي حين در ابتداي جمله باشد و يا بعد از آن، علامت خط تيره آمده باشد، تغيير نخواهد کرد."
    },
    {
      "pattern": "\\bاتمام حجت\\b",
      "replacement": "عهد بسته",
      "help": "فارسي سازي"
    },
    {
      "pattern": "\\bاتمام\\b",
      "replacement": "پایان",
      "help": "فارسي سازي"
    },
    {
      "pattern": "\\bفعلا(?:‌|ً)?\\b",
      "replacement": "همچنان",
      "help": "فارسي سازي"
    },
    {
      "pattern": "\\bواقعا(?:‌|ً)?\\b",
      "replacement": "به‌واقع",
      "help": "فارسي سازي"
    },
    {
      "pattern": "\\bعیلامی\\b",
      "replacement": "ایلامی",
      "help": "فارسي سازي"
    },
    {
      "pattern": "\\bشخصا(?:‌|ً)?\\b",
      "replacement": "به‌طورشخصی",
      "help": "فارسي سازي"
    },
    {
      "pattern": "\\bبدست\\b",
      "replacement": "به‌دست",
      "help": "اصلاح"
    },
    {
      "pattern": "\\bقانوناً\\b|\\bقانونا\\b",
      "replacement": "به‌طورقانونی",
      "help": "فارسي سازي"
    },
    {
      "pattern": "\\bاولاً\\b|\\bاولا\\b",
      "replacement": "اول اینکه،",
      "help": "فارسي سازي"
    },
    {
      "pattern": "\\bمی باشد\\b",
      "replacement": " می‌باشد",
      "help": "Add half-space in idiomatic verb می‌باشد."
    },
    {
      "pattern": "\\bنمی تواند\\b",
      "replacement": " نمی‌تواند",
      "help": "Add half-space in idiomatic verb نمی‌تواند."
    },
    {
      "pattern": "\\bمی کنند\\b|\\bمیکنند\\b",
      "replacement": "می‌کنند",
      "help": "فارسي سازي"
    },
    {
      "pattern": "\\bمی گویند\\b",
      "replacement": "می‌گویند",
      "help": "تبديل فاصله به نيم فاصله"
    },
    {
      "pattern": "\\bمشترکاً\\b|\\bمشترکا\\b",
      "replacement": "به‌طورمشترک",
      "help": "فارسي سازي"
    },
    {
      "pattern": "\\bغیاباً\\b|\\bغیابا\\b",
      "replacement": "به‌طورغیابی",
      "help": "فارسي سازي"
    },
    {
      "pattern": "\\bمکرراً\\b|\\bمکررا\\b",
      "replacement": "بارها",
      "help": "فارسي سازي"
    },
    {
      "pattern": "\\bضمناً\\b|\\bضمنا\\b",
      "replacement": "درضمن",
      "help": "فارسي سازي"
    },
    {
      "pattern": "\\bصریحاً\\b|\\bصریحا\\b",
      "replacement": "به‌روشنی",
      "help": "فارسي سازي"
    },
    {
      "pattern": "\\bفوراً\\b|\\bفورا\\b",
      "replacement": "فوری",
      "help": "فارسي سازي"
    },
    {
      "pattern": "\\bبعنوان\\b|\\bبه عنوان\\b",
      "replacement": "به‌عنوان",
      "help": "اصلاح نگارشي و تبديل فاصله به نيم فاصله"
    },
    {
      "pattern": "\\bمواجب\\b(?=[\\.\\,\\;:\\!\\?]|\\s*$)",
      "replacement": "هزینه‌ها",
      "help": "اگر بعد از کلمه ی «مواجب» یک نقطه یا کاما و یا علامت های مشابه بود و یا اینکه هیچ چیز نبود، آن را به «هزینه‌ها» تبدیل کند."
    },
    {
      "pattern": "\\bمواجب\\b",
      "replacement": "هزینه‌های",
      "help": ""
    },
    {
      "pattern": "\\bصراحتاً\\b|\\bصراحتا\\b",
      "replacement": "آشکارا",
      "help": "فارسي سازي"
    },
    {
      "pattern": "\\bشدیداً\\b|\\bشدیدا\\b",
      "replacement": "به‌شدت",
      "help": "فارسي سازي"
    },
    {
      "pattern": "\\bجلوگیری\\b",
      "replacement": "پیشگیری",
      "help": "Replace جلوگیری with پیشگیری for Persian text standardization."
    },
    {
      "pattern": "\\bآپدیت\\b",
      "replacement": "به‌روزرسانی",
      "help": "Replace آپدیت with به‌روزرسانی for Persian text standardization."
    },
    {
      "pattern": "\\bبشدت\\b",
      "replacement": "به‌شدت",
      "help": "نگارش درست"
    },
    {
      "pattern": "\\bنتیجتاً\\b|\\bنتیجتا\\b",
      "replacement": "درنتیجه",
      "help": "فارسي سازي"
    },
    {
      "pattern": "احداث شد",
      "replacement": "پایه‌ریزی شد",
      "help": "فارسی سازی"
    },
    {
      "pattern": "(?<![=/])(?<!=\")(?<!=\":)\\b0\\b(?![\\|\\[\\]\\s\\.])(?!(?:.{0,6})(?:\\.jpg|\\.JPG|\\.jpeg|\\.JPEG|\\.png|\\.PNG|\\.webp|\\.WEBP|\\.bmp|\\.BMP|\\.gif|\\.GIF|\\.svg|\\.SVG))",
      "replacement": "۰",
      "help": "این قاعده عدد 0 را که به‌صورت مستقل (محصور در مرزهای کلمه مانند فضای خالی، پرانتز، یا کاراکترهای\nغیرالفبایی) در متن ظاهر می‌شود، با «۰» جایگزین می‌کند\nاز تغییر 0 در موارد زیر جلوگیری می‌کند\n\nوقتی قبل از 0 کاراکترهای = یا / باشد\n(مثل sortkey=0, url/0).\nوقتی قبل از 0 رشته‌های =\" یا =\": باشد\n(مثل style=\"0\", data-value=\":0\").\nوقتی بعد از 0 کاراکترهای , [, ], فاصله، یا نقطه باشد\n(مثل 0|, 0[, 0 .jpg)\nوقتی 0 در نام فایل تصویری باشد که در ۰ تا ۶ کاراکتر بعدی پسوندهایی مانند زیر آمده باشند\njpg, .JPG, .jpeg, .JPEG, .png, .PNG, .webp, .WEBP, .bmp, .BMP, .gif, .GIF, .svg, یا .SVG دارد\n(مثل image0.jpg, Ahvaz (0).JPG)"
    },
    {
      "pattern": "(?<![=/])(?<!=\")(?<!=\":)\\b1\\b(?![\\|\\[\\]\\s\\.])(?!(?:.{0,6})(?:\\.jpg|\\.JPG|\\.jpeg|\\.JPEG|\\.png|\\.PNG|\\.webp|\\.WEBP|\\.bmp|\\.BMP|\\.gif|\\.GIF|\\.svg|\\.SVG))",
      "replacement": "۱",
      "help": "این قاعده عدد یک انگلیسی را که به‌صورت مستقل (محصور در مرزهای کلمه مانند فضای خالی،\nپرانتز، یا کاراکترهای غیرالفبایی) در متن ظاهر می‌شود، با «۱» جایگزین می‌کند.\n\nاز تغییر 1 در موارد زیر جلوگیری می‌کند:\n\nوقتی قبل از 1 کاراکترهای = یا / باشد\n(مثل sortkey=1, url/1).\n\nوقتی قبل از 1 رشته‌های \"= یا \"=: باشد\n(مثل style=\"1\", data-value=\":1).\n\nوقتی بعد از 1 کاراکترهای |, [, ], فاصله، یا نقطه باشد\n(مثل 1|, 1[, 1 ], 1 .jpg).\n\nوقتی 1 در نام فایل تصویری باشد که در ۰ تا ۶ کاراکتر بعدی پسوندهایی مانند زیر آمده باشند:\n.jpg, .JPG, .jpeg, .JPEG, .png, .PNG, .webp, .WEBP, .bmp, .BMP, .gif, .GIF, .svg, .SVG\n(مثل image1.jpg, Ahvaz (1).JPG)."
    },
    {
      "pattern": "(?<![=/])(?<!=\")(?<!=\":)\\b2\\b(?![\\|\\[\\]\\s\\.])(?!(?:.{0,6})(?:\\.jpg|\\.JPG|\\.jpeg|\\.JPEG|\\.png|\\.PNG|\\.webp|\\.WEBP|\\.bmp|\\.BMP|\\.gif|\\.GIF|\\.svg|\\.SVG))",
      "replacement": "۲",
      "help": "این قاعده عدد دو انگلیسی را که به‌صورت مستقل (محصور در مرزهای کلمه مانند فضای خالی،\nپرانتز، یا کاراکترهای غیرالفبایی) در متن ظاهر می‌شود، با «۲» جایگزین می‌کند.\n\nاز تغییر 2 در موارد زیر جلوگیری می‌کند:\n\nوقتی قبل از 2 کاراکترهای = یا / باشد\n(مثل sortkey=2, url/2).\n\nوقتی قبل از 2 رشته‌های \"= یا \"=: باشد\n(مثل style=\"2\", data-value=\":2).\n\nوقتی بعد از 2 کاراکترهای |, [, ], فاصله، یا نقطه باشد\n(مثل 2|, 2[, 2 ], 2 .jpg).\n\nوقتی 2 در نام فایل تصویری باشد که در ۰ تا ۶ کاراکتر بعدی پسوندهایی مانند زیر آمده باشند:\n.jpg, .JPG, .jpeg, .JPEG, .png, .PNG, .webp, .WEBP, .bmp, .BMP, .gif, .GIF, .svg, .SVG\n(مثل image2.jpg, Ahvaz (2).JPG)."
    },
    {
      "pattern": "(?<![=/])(?<!=\")(?<!=\":)\\b3\\b(?![\\|\\[\\]\\s\\.])(?!(?:.{0,6})(?:\\.jpg|\\.JPG|\\.jpeg|\\.JPEG|\\.png|\\.PNG|\\.webp|\\.WEBP|\\.bmp|\\.BMP|\\.gif|\\.GIF|\\.svg|\\.SVG))",
      "replacement": "۳",
      "help": "این قاعده عدد سه انگلیسی را که به‌صورت مستقل (محصور در مرزهای کلمه مانند فضای خالی،\nپرانتز، یا کاراکترهای غیرالفبایی) در متن ظاهر می‌شود، با «۳» جایگزین می‌کند.\n\nاز تغییر 3 در موارد زیر جلوگیری می‌کند:\n\nوقتی قبل از 3 کاراکترهای = یا / باشد\n(مثل sortkey=3, url/3).\n\nوقتی قبل از 3 رشته‌های \"= یا \"=: باشد\n(مثل style=\"3\", data-value=\":3).\n\nوقتی بعد از 3 کاراکترهای |, [, ], فاصله، یا نقطه باشد\n(مثل 3|, 3[, 3 ], 3 .jpg).\n\nوقتی 3 در نام فایل تصویری باشد که در ۰ تا ۶ کاراکتر بعدی پسوندهایی مانند زیر آمده باشند:\n.jpg, .JPG, .jpeg, .JPEG, .png, .PNG, .webp, .WEBP, .bmp, .BMP, .gif, .GIF, .svg, .SVG\n(مثل image3.jpg, Ahvaz (3).JPG)."
    },
    {
      "pattern": "(?<![=/])(?<!=\")(?<!=\":)\\b4\\b(?![\\|\\[\\]\\s\\.])(?!(?:.{0,6})(?:\\.jpg|\\.JPG|\\.jpeg|\\.JPEG|\\.png|\\.PNG|\\.webp|\\.WEBP|\\.bmp|\\.BMP|\\.gif|\\.GIF|\\.svg|\\.SVG))",
      "replacement": "۴",
      "help": "این قاعده عدد چهار انگلیسی را که به‌صورت مستقل (محصور در مرزهای کلمه مانند فضای خالی،\nپرانتز، یا کاراکترهای غیرالفبایی) در متن ظاهر می‌شود، با «۴» جایگزین می‌کند.\n\nاز تغییر 4 در موارد زیر جلوگیری می‌کند:\n\nوقتی قبل از 4 کاراکترهای = یا / باشد\n(مثل sortkey=4, url/4).\n\nوقتی قبل از 4 رشته‌های \"= یا \"=: باشد\n(مثل style=\"4\", data-value=\":4).\n\nوقتی بعد از 4 کاراکترهای |, [, ], فاصله، یا نقطه باشد\n(مثل 4|, 4[, 4 ], 4 .jpg).\n\nوقتی 4 در نام فایل تصویری باشد که در ۰ تا ۶ کاراکتر بعدی پسوندهایی مانند زیر آمده باشند:\n.jpg, .JPG, .jpeg, .JPEG, .png, .PNG, .webp, .WEBP, .bmp, .BMP, .gif, .GIF, .svg, .SVG\n(مثل image4.jpg, Ahvaz (4).JPG)."
    },
    {
      "pattern": "(?<![=/])(?<!=\")(?<!=\":)\\b5\\b(?![\\|\\[\\]\\s\\.])(?!(?:.{0,6})(?:\\.jpg|\\.JPG|\\.jpeg|\\.JPEG|\\.png|\\.PNG|\\.webp|\\.WEBP|\\.bmp|\\.BMP|\\.gif|\\.GIF|\\.svg|\\.SVG))",
      "replacement": "۵",
      "help": "این قاعده عدد پنج انگلیسی را که به‌صورت مستقل (محصور در مرزهای کلمه مانند فضای خالی،\nپرانتز، یا کاراکترهای غیرالفبایی) در متن ظاهر می‌شود، با «۵» جایگزین می‌کند.\n\nاز تغییر 5 در موارد زیر جلوگیری می‌کند:\n\nوقتی قبل از 5 کاراکترهای = یا / باشد\n(مثل sortkey=5, url/5).\n\nوقتی قبل از 5 رشته‌های \"= یا \"=: باشد\n(مثل style=\"5\", data-value=\":5).\n\nوقتی بعد از 5 کاراکترهای |, [, ], فاصله، یا نقطه باشد\n(مثل 5|, 5[, 5 ], 5 .jpg).\n\nوقتی 5 در نام فایل تصویری باشد که در ۰ تا ۶ کاراکتر بعدی پسوندهایی مانند زیر آمده باشند:\n.jpg, .JPG, .jpeg, .JPEG, .png, .PNG, .webp, .WEBP, .bmp, .BMP, .gif, .GIF, .svg, .SVG\n(مثل image5.jpg, Ahvaz (5).JPG)."
    },
    {
      "pattern": "(?<![=/])(?<!=\")(?<!=\":)\\b6\\b(?![\\|\\[\\]\\s\\.])(?!(?:.{0,6})(?:\\.jpg|\\.JPG|\\.jpeg|\\.JPEG|\\.png|\\.PNG|\\.webp|\\.WEBP|\\.bmp|\\.BMP|\\.gif|\\.GIF|\\.svg|\\.SVG))",
      "replacement": "۶",
      "help": "این قاعده عدد شش انگلیسی را که به‌صورت مستقل (محصور در مرزهای کلمه مانند فضای خالی،\nپرانتز، یا کاراکترهای غیرالفبایی) در متن ظاهر می‌شود، با «۶» جایگزین می‌کند.\n\nاز تغییر 6 در موارد زیر جلوگیری می‌کند:\n\nوقتی قبل از 6 کاراکترهای = یا / باشد\n(مثل sortkey=6, url/6).\n\nوقتی قبل از 6 رشته‌های \"= یا \"=: باشد\n(مثل style=\"6\", data-value=\":6).\n\nوقتی بعد از 6 کاراکترهای |, [, ], فاصله، یا نقطه باشد\n(مثل 6|, 6[, 6 ], 6 .jpg).\n\nوقتی 6 در نام فایل تصویری باشد که در ۰ تا ۶ کاراکتر بعدی پسوندهایی مانند زیر آمده باشند:\n.jpg, .JPG, .jpeg, .JPEG, .png, .PNG, .webp, .WEBP, .bmp, .BMP, .gif, .GIF, .svg, .SVG\n(مثل image6.jpg, Ahvaz (6).JPG)."
    },
    {
      "pattern": "(?<![=/])(?<!=\")(?<!=\":)\\b7\\b(?![\\|\\[\\]\\s\\.])(?!(?:.{0,6})(?:\\.jpg|\\.JPG|\\.jpeg|\\.JPEG|\\.png|\\.PNG|\\.webp|\\.WEBP|\\.bmp|\\.BMP|\\.gif|\\.GIF|\\.svg|\\.SVG))",
      "replacement": "۷",
      "help": "این قاعده عدد هفت انگلیسی را که به‌صورت مستقل (محصور در مرزهای کلمه مانند فضای خالی،\nپرانتز، یا کاراکترهای غیرالفبایی) در متن ظاهر می‌شود، با «۷» جایگزین می‌کند.\n\nاز تغییر 7 در موارد زیر جلوگیری می‌کند:\n\nوقتی قبل از 7 کاراکترهای = یا / باشد\n(مثل sortkey=7, url/7).\n\nوقتی قبل از 7 رشته‌های \"= یا \"=: باشد\n(مثل style=\"7\", data-value=\":7).\n\nوقتی بعد از 7 کاراکترهای |, [, ], فاصله، یا نقطه باشد\n(مثل 7|, 7[, 7 ], 7 .jpg).\n\nوقتی 7 در نام فایل تصویری باشد که در ۰ تا ۶ کاراکتر بعدی پسوندهایی مانند زیر آمده باشند:\n.jpg, .JPG, .jpeg, .JPEG, .png, .PNG, .webp, .WEBP, .bmp, .BMP, .gif, .GIF, .svg, .SVG\n(مثل image7.jpg, Ahvaz (7).JPG)."
    },
    {
      "pattern": "(?<![=/])(?<!=\")(?<!=\":)\\b8\\b(?![\\|\\[\\]\\s\\.])(?!(?:.{0,6})(?:\\.jpg|\\.JPG|\\.jpeg|\\.JPEG|\\.png|\\.PNG|\\.webp|\\.WEBP|\\.bmp|\\.BMP|\\.gif|\\.GIF|\\.svg|\\.SVG))",
      "replacement": "۸",
      "help": "این قاعده عدد هشت انگلیسی را که به‌صورت مستقل (محصور در مرزهای کلمه مانند فضای خالی،\nپرانتز، یا کاراکترهای غیرالفبایی) در متن ظاهر می‌شود، با «۸» جایگزین می‌کند.\n\nاز تغییر 8 در موارد زیر جلوگیری می‌کند:\n\nوقتی قبل از 8 کاراکترهای = یا / باشد\n(مثل sortkey=8, url/8).\n\nوقتی قبل از 8 رشته‌های \"= یا \"=: باشد\n(مثل style=\"8\", data-value=\":8).\n\nوقتی بعد از 8 کاراکترهای |, [, ], فاصله، یا نقطه باشد\n(مثل 8|, 8[, 8 ], 8 .jpg).\n\nوقتی 8 در نام فایل تصویری باشد که در ۰ تا ۶ کاراکتر بعدی پسوندهایی مانند زیر آمده باشند:\n.jpg, .JPG, .jpeg, .JPEG, .png, .PNG, .webp, .WEBP, .bmp, .BMP, .gif, .GIF, .svg, .SVG\n(مثل image8.jpg, Ahvaz (8).JPG)."
    },
    {
      "pattern": "(?<![=/])(?<!=\")(?<!=\":)\\b9\\b(?![\\|\\[\\]\\s\\.])(?!(?:.{0,6})(?:\\.jpg|\\.JPG|\\.jpeg|\\.JPEG|\\.png|\\.PNG|\\.webp|\\.WEBP|\\.bmp|\\.BMP|\\.gif|\\.GIF|\\.svg|\\.SVG))",
      "replacement": "۹",
      "help": "این قاعده عدد نه انگلیسی را که به‌صورت مستقل (محصور در مرزهای کلمه مانند فضای خالی،\nپرانتز، یا کاراکترهای غیرالفبایی) در متن ظاهر می‌شود، با «۹» جایگزین می‌کند.\n\nاز تغییر 9 در موارد زیر جلوگیری می‌کند:\n\nوقتی قبل از 9 کاراکترهای = یا / باشد\n(مثل sortkey=9, url/9).\n\nوقتی قبل از 9 رشته‌های \"= یا \"=: باشد\n(مثل style=\"9\", data-value=\":9).\n\nوقتی بعد از 9 کاراکترهای |, [, ], فاصله، یا نقطه باشد\n(مثل 9|, 9[, 9 ], 9 .jpg).\n\nوقتی 9 در نام فایل تصویری باشد که در ۰ تا ۶ کاراکتر بعدی پسوندهایی مانند زیر آمده باشند:\n.jpg, .JPG, .jpeg, .JPEG, .png, .PNG, .webp, .WEBP, .bmp, .BMP, .gif, .GIF, .svg, .SVG\n(مثل image9.jpg, Ahvaz (9).JPG)."
    },
    {
      "pattern": "\\bمنفرداً\\b|\\bمنفردا\\b",
      "replacement": "به‌تنهایی",
      "help": "فارسي سازي"
    },
    {
      "pattern": "\\bمتضامناً\\b|\\bمتضامنا\\b",
      "replacement": "به‌طورمشترک",
      "help": "فارسي سازي"
    }
  ],
  "remove_extra_spaces": true,
  "protect_links_and_templates": false
}